domain,first_seen,source
*.situations-clarity-pill-preceding.trycloudflare.com,2026-10-10,abuse.ch URLhaus (malware_download)
*.cdn.discordapp.com,2026-10-10,abuse.ch URLhaus (malware_download)
*.videosnw-ru.vercel.app,2026-10-10,abuse.ch URLhaus (malware_download)
*.dttjjkkllzbvesjzndtp.vercel.app,2026-10-10,abuse.ch URLhaus (malware_download)
*.gibddru.vercel.app,2026-10-10,abuse.ch URLhaus (malware_download)
*.035bc-ff4b-4cab-bca6-2b633b15def0.gorsefield.cc,2026-10-10,abuse.ch URLhaus (malware_download)
*.astroliper.ac,2026-10-10,abuse.ch URLhaus (malware_download)
*.brows-check.codes,2026-10-10,abuse.ch URLhaus (malware_download)
*.osmb.net,2026-10-10,abuse.ch URLhaus (malware_download)
*.www.dropbox.com,2026-10-10,abuse.ch URLhaus (malware_download)
*.pole-mother-visiting-trinity.trycloudflare.com,2026-10-10,abuse.ch URLhaus (malware_download)
*.campus-engine-neural-chorus.trycloudflare.com,2026-10-10,abuse.ch URLhaus (malware_download)
*.www.tmcksa.com,2026-10-09,abuse.ch URLhaus (malware_download)
*.micstndasap.world,2026-10-09,abuse.ch URLhaus (malware_download)
*.ficus.in,2026-10-09,abuse.ch URLhaus (malware_download)
*.drive.google.com,2026-10-09,abuse.ch URLhaus (malware_download)
*.tronzadorasnng.com,2026-10-09,abuse.ch URLhaus (malware_download)
*.github.com,2026-10-09,abuse.ch URLhaus (malware_download)
*.deathboundcraft.com,2026-10-09,abuse.ch URLhaus (malware_download)
*.filegoat.s3.de.io.cloud.ovh.net,2026-10-09,abuse.ch URLhaus (malware_download)
*.natashamohan.com,2026-10-09,abuse.ch URLhaus (malware_download)
*.briannacorporation.com,2026-10-09,abuse.ch URLhaus (malware_download)
*.downloads.go-xlr.com,2026-10-09,abuse.ch URLhaus (malware_download)
*.hardwood-studio-obviously-briefing.trycloudflare.com,2026-10-09,abuse.ch URLhaus (malware_download)
*.emphasis-friday-even-administrator.trycloudflare.com,2026-10-09,abuse.ch URLhaus (malware_download)
*.duo-strengthening-essex-ian.trycloudflare.com,2026-10-09,abuse.ch URLhaus (malware_download)
*.surround-tough-method-zinc.trycloudflare.com,2026-10-09,abuse.ch URLhaus (malware_download)
*.raw.githubusercontent.com,2026-10-09,abuse.ch URLhaus (malware_download)
*.rough-truth-e072.publicftpresend.workers.dev,2026-10-09,abuse.ch URLhaus (malware_download)
*.www.osmb.net,2026-10-09,abuse.ch URLhaus (malware_download)
*.gitlab.com,2026-10-09,abuse.ch URLhaus (malware_download)
*.qq.kipsharijan.cfd,2026-10-09,abuse.ch URLhaus (malware_download)
*.osbot.net,2026-10-09,abuse.ch URLhaus (malware_download)
*.1rvrental.com,2026-10-09,abuse.ch URLhaus (malware_download)
*.stanarcservice.com,2026-10-09,abuse.ch URLhaus (malware_download)
*.media.discordapp.net,2026-10-09,abuse.ch URLhaus (malware_download)
*.w5q.eu,2026-10-09,abuse.ch URLhaus (malware_download)
*.qwfwhg4.lol,2026-10-09,abuse.ch URLhaus (malware_download)
*.www.mediafire.com,2026-10-08,abuse.ch URLhaus (malware_download)
*.donutclientsmods.xyz,2026-10-08,abuse.ch URLhaus (malware_download)
*.download1472.mediafire.com,2026-10-08,abuse.ch URLhaus (malware_download)
*.c23c1b-fa77-48e0-8272-692b579a574c.gorsefield.cc,2026-10-08,abuse.ch URLhaus (malware_download)
*.sayosay.cc,2026-10-08,abuse.ch URLhaus (malware_download)
*.bitbucket.org,2026-10-08,abuse.ch URLhaus (malware_download)
*.ascomsecurity.com.au,2026-10-08,abuse.ch URLhaus (malware_download)
*.www.epibenie.dz,2026-10-08,abuse.ch URLhaus (malware_download)
*.flocmaterials.shop,2026-10-08,abuse.ch URLhaus (malware_download)
*.aksiyononline.best,2026-10-08,abuse.ch URLhaus (malware_download)
*.trickgs-demo.vercel.app,2026-10-08,abuse.ch URLhaus (malware_download)
*.nd.tdpqnf.com,2026-10-08,abuse.ch URLhaus (malware_download)
*.cdn.filestackcontent.com,2026-10-08,abuse.ch URLhaus (malware_download)
*.beschaffung-portal.de,2026-10-08,abuse.ch URLhaus (malware_download)
*.evergabe-bund.de,2026-10-08,abuse.ch URLhaus (malware_download)
*.reaffirm-neatness-rigid.ngrok-free.dev,2026-10-08,abuse.ch URLhaus (malware_download)
*.bergmann-automobile.de,2026-10-08,abuse.ch URLhaus (malware_download)
*.plf7x.valci.store,2026-10-07,abuse.ch URLhaus (malware_download)
*.athuselevadores.com.br,2026-10-07,abuse.ch URLhaus (malware_download)
*.andbake.cam,2026-10-07,abuse.ch URLhaus (malware_download)
*.pub-37f3a615586d47f4996e932bf6df7670.r2.dev,2026-10-07,abuse.ch URLhaus (malware_download)
*.sandybeachesandsunsets.com,2026-10-07,abuse.ch URLhaus (malware_download)
*.fibernetperu.pe,2026-10-07,abuse.ch URLhaus (malware_download)
*.sugarfreedcup.co.za,2026-10-07,abuse.ch URLhaus (malware_download)
*.wp.fujeigroup.com,2026-10-07,abuse.ch URLhaus (malware_download)
*.hardly-signatures-loc-surf.trycloudflare.com,2026-10-07,abuse.ch URLhaus (malware_download)
*.severidades.cfd,2026-10-07,abuse.ch URLhaus (malware_download)
*.unrealclient.pages.dev,2026-10-07,abuse.ch URLhaus (malware_download)
*.loader2-4.github.io,2026-10-07,abuse.ch URLhaus (malware_download)
*.aetherius.live,2026-10-07,abuse.ch URLhaus (malware_download)
*.growgreenhorizons.com,2026-10-07,abuse.ch URLhaus (malware_download)
*.f74.workupload.com,2026-10-07,abuse.ch URLhaus (malware_download)
*.deffnelreports.bramblequarz.ru,2026-10-07,abuse.ch URLhaus (malware_download)
*.donutclients.st,2026-10-07,abuse.ch URLhaus (malware_download)
*.xiazailianjie.com,2026-10-07,abuse.ch URLhaus (malware_download)
*.stellaspicy.org,2026-10-07,abuse.ch URLhaus (malware_download)
*.donutdupe.com,2026-10-07,abuse.ch URLhaus (malware_download)
*.docs.cs-supplements.de,2026-10-07,abuse.ch URLhaus (malware_download)
*.ikovrsps.com,2026-10-07,abuse.ch URLhaus (malware_download)
*.docsend.com,2026-10-07,abuse.ch URLhaus (malware_download)
*.b.clu-e.eu,2026-10-07,abuse.ch URLhaus (malware_download)
*.drive.usercontent.google.com,2026-10-06,abuse.ch URLhaus (malware_download)
*.pub-6a90252f6d70443d960d6ac029dbd446.r2.dev,2026-10-06,abuse.ch URLhaus (malware_download)
*.pub-ecb7161ffc7a4a67bdd8761583e21d16.r2.dev,2026-10-06,abuse.ch URLhaus (malware_download)
*.omskin.org,2026-10-06,abuse.ch URLhaus (malware_download)
*.alotic.net,2026-10-06,abuse.ch URLhaus (malware_download)
*.release-assets.githubusercontent.com,2026-10-06,abuse.ch URLhaus (malware_download)
*.summitcapitalpatners.info,2026-10-06,abuse.ch URLhaus (malware_download)
*.www.beinke-aufzuege.de,2026-10-06,abuse.ch URLhaus (malware_download)
*.fujeigroup.com,2026-10-06,abuse.ch URLhaus (malware_download)
*.aolgepacklng.com,2026-10-06,abuse.ch URLhaus (malware_download)
*.firebasestorage.googleapis.com,2026-10-06,abuse.ch URLhaus (malware_download)
*.qpwot.cfd,2026-10-06,abuse.ch URLhaus (malware_download)
*.tttkkkssww.com,2026-10-06,abuse.ch URLhaus (malware_download)
*.ohhhhhmoney.com,2026-10-06,abuse.ch URLhaus (malware_download)
*.upload.cc,2026-10-06,abuse.ch URLhaus (malware_download)
*.manmenduster.online,2026-10-06,abuse.ch URLhaus (malware_download)
*.thisisafalsepositive.st,2026-10-05,abuse.ch URLhaus (malware_download)
*.gitrm.cfd,2026-10-05,abuse.ch URLhaus (malware_download)
*.white-mode-a35b.modpages.workers.dev,2026-10-05,abuse.ch URLhaus (malware_download)
*.aqclqkcfjwbgknkwnvmm.supabase.co,2026-10-05,abuse.ch URLhaus (malware_download)
*.www.dosyaupload.com,2026-10-05,abuse.ch URLhaus (malware_download)
*.uu.v2raynapps.com.cn,2026-10-05,abuse.ch URLhaus (malware_download)
*.eo3wuo9z334anlh.m.pipedream.net,2026-10-05,abuse.ch URLhaus (malware_download)
*.primeemberq.cfd,2026-10-05,abuse.ch URLhaus (malware_download)
*.fullhouse.ae,2026-10-05,abuse.ch URLhaus (malware_download)
*.new-orleans.pl,2026-10-05,abuse.ch URLhaus (malware_download)
*.gloryhaven.org,2026-10-05,abuse.ch URLhaus (malware_download)
*.greatwhite.me,2026-10-05,abuse.ch URLhaus (malware_download)
*.razao.pt,2026-10-05,abuse.ch URLhaus (malware_download)
*.kipmwh3pdc.ufs.sh,2026-10-05,abuse.ch URLhaus (malware_download)
*.mailservicesgroup.org,2026-10-05,abuse.ch URLhaus (malware_download)
*.metabolism-effectively-logo-chrome.trycloudflare.com,2026-10-05,abuse.ch URLhaus (malware_download)
*.api.darkside.cy,2026-10-05,abuse.ch URLhaus (malware_download)
*.pee-files.nl,2026-10-05,abuse.ch URLhaus (malware_download)
*.devruntime.cy,2026-10-05,abuse.ch URLhaus (malware_download)
*.exo-api.tf,2026-10-05,abuse.ch URLhaus (malware_download)
*.seitinloelinsa.com,2026-10-05,abuse.ch URLhaus (malware_download)
*.fkjhsdfg478fdm.com,2026-10-05,abuse.ch URLhaus (malware_download)
*.brightlaunch-ext75642.vercel.app,2026-10-05,abuse.ch URLhaus (malware_download)
*.kdglsj93fdslkg.com,2026-10-05,abuse.ch URLhaus (malware_download)
*.hand.genddos.st,2026-10-05,abuse.ch URLhaus (malware_download)
*.donutsmpclient.com,2026-10-04,abuse.ch URLhaus (malware_download)
*.donutsmpdupe.com,2026-10-04,abuse.ch URLhaus (malware_download)
*.project0.cc,2026-10-04,abuse.ch URLhaus (malware_download)
*.wicresetconnect.com,2026-10-04,abuse.ch URLhaus (malware_download)
*.upload.filehost.lol,2026-10-04,abuse.ch URLhaus (malware_download)
*.maxxlavalink.cyou,2026-10-04,abuse.ch URLhaus (malware_download)
*.likedrink.beer,2026-10-04,abuse.ch URLhaus (malware_download)
*.sogo-download.oss-cn-hongkong.aliyuncs.com,2026-10-04,abuse.ch URLhaus (malware_download)
*.wwwiiisss.oss-ap-northeast-1.aliyuncs.com,2026-10-04,abuse.ch URLhaus (malware_download)
*.maverick174.org,2026-10-04,abuse.ch URLhaus (malware_download)
*.moneylord.org,2026-10-04,abuse.ch URLhaus (malware_download)
*.nfadealer.top,2026-10-04,abuse.ch URLhaus (malware_download)
*.chibomaydan.devs.surf,2026-10-03,abuse.ch URLhaus (malware_download)
*.donutclients.org,2026-10-03,abuse.ch URLhaus (malware_download)
*.donutsmp-mod.github.io,2026-10-03,abuse.ch URLhaus (malware_download)
*.allowcsxan2.site,2026-10-03,abuse.ch URLhaus (malware_download)
*.chekcms432.cc,2026-10-03,abuse.ch URLhaus (malware_download)
*.tmpfiles.org,2026-10-03,abuse.ch URLhaus (malware_download)
*.onlyfiles.com,2026-10-03,abuse.ch URLhaus (malware_download)
*.kryptonclientplus.lovable.app,2026-10-03,abuse.ch URLhaus (malware_download)
*.facai.makaaop.cc,2026-10-03,abuse.ch URLhaus (malware_download)
*.emwqkekwqmekwq.work.gd,2026-10-03,abuse.ch URLhaus (malware_download)
*.iloveanal.work.gd,2026-10-03,abuse.ch URLhaus (malware_download)
*.wemqmewkqewq.work.gd,2026-10-03,abuse.ch URLhaus (malware_download)
*.truswallet.foundation,2026-10-03,abuse.ch URLhaus (malware_download)
*.www.wuming0.tech,2026-10-03,abuse.ch URLhaus (malware_download)
*.files.54daysaverage.qzz.io,2026-10-03,abuse.ch URLhaus (malware_download)
*.autoflotte-vergabe.de,2026-10-03,abuse.ch URLhaus (malware_download)
*.baainbw-vergabe.de,2026-10-03,abuse.ch URLhaus (malware_download)
*.nordmann-automobilgruppe.de,2026-10-03,abuse.ch URLhaus (malware_download)
*.fahrzeugvergabe.de,2026-10-03,abuse.ch URLhaus (malware_download)
*.expirience.icu,2026-10-03,abuse.ch URLhaus (malware_download)
*.clownguard.us,2026-10-03,abuse.ch URLhaus (malware_download)
*.tetris-supdate.xyz,2026-10-02,abuse.ch URLhaus (malware_download)
*.xiangduck.sld.tw,2026-10-02,abuse.ch URLhaus (malware_download)
*.pixeldrain.com,2026-10-02,abuse.ch URLhaus (malware_download)
*.ik.imagekit.io,2026-10-02,abuse.ch URLhaus (malware_download)
*.pub-e33c72ad3ac74028914da0187313eeb3.r2.dev,2026-10-02,abuse.ch URLhaus (malware_download)
*.chrome.browserdownloads.ru,2026-10-02,abuse.ch URLhaus (malware_download)
*.polksvo.vercel.app,2026-10-02,abuse.ch URLhaus (malware_download)
*.pomorutecvo.vercel.app,2026-10-02,abuse.ch URLhaus (malware_download)
*.stratos-delta.com,2026-10-02,abuse.ch URLhaus (malware_download)
*.downloader.exeexe.workers.dev,2026-10-02,abuse.ch URLhaus (malware_download)
*.prestige-client.live,2026-10-02,abuse.ch URLhaus (malware_download)
*.tutpaste.com,2026-10-01,abuse.ch URLhaus (malware_download)
*.hjha.ao,2026-10-01,abuse.ch URLhaus (malware_download)
*.maciejbi.hosting24.pl,2026-10-01,abuse.ch URLhaus (malware_download)
*.pub-ce02802067934e0eb072f69bf6427bf6.r2.dev,2026-10-01,abuse.ch URLhaus (malware_download)
*.www.correa.ind.br,2026-10-01,abuse.ch URLhaus (malware_download)
*.87130921-60-20220830152356.webstarterz.com,2026-10-01,abuse.ch URLhaus (malware_download)
*.nsci.space,2026-10-01,abuse.ch URLhaus (malware_download)
*.ikechux.publicvm.com,2026-10-01,abuse.ch URLhaus (malware_download)
*.localfiles.live,2026-10-01,abuse.ch URLhaus (malware_download)
*.pub-fcf9a4a0a9f54d8b8240c682f65e12f9.r2.dev,2026-10-01,abuse.ch URLhaus (malware_download)
*.pub-a327f9d03def4b07b51dba5303fc3620.r2.dev,2026-10-01,abuse.ch URLhaus (malware_download)
*.c2.teamzeroday.net,2026-10-01,abuse.ch URLhaus (malware_download)
*.chrome.windows-browser.net,2026-10-01,abuse.ch URLhaus (malware_download)
*.api-willserver.phonkstyle-workers.workers.dev,2026-10-01,abuse.ch URLhaus (malware_download)
*.sandiegomobiletire.com,2026-10-01,abuse.ch URLhaus (malware_download)
*.pokegard.com,2026-09-30,abuse.ch URLhaus (malware_download)
*.app.ezmarketz.com,2026-09-30,abuse.ch URLhaus (malware_download)
*.update-acrobatdc.shop,2026-09-30,abuse.ch URLhaus (malware_download)
*.playuno.me,2026-09-30,abuse.ch URLhaus (malware_download)
*.nze.work.gd,2026-09-30,abuse.ch URLhaus (malware_download)
*.johnsonsvalves.cam,2026-09-30,abuse.ch URLhaus (malware_download)
*.sqpengg.com,2026-09-30,abuse.ch URLhaus (malware_download)
*.porterneuman.mx,2026-09-30,abuse.ch URLhaus (malware_download)
*.finmonologips.top,2026-09-30,abuse.ch URLhaus (malware_download)
*.fe29jf323.kesug.com,2026-09-30,abuse.ch URLhaus (malware_download)
*.nota-fical-online.lat,2026-09-30,abuse.ch URLhaus (malware_download)
*.limelight.ie,2026-09-30,abuse.ch URLhaus (malware_download)
*.tk-1464303226.cos.ap-guangzhou.myqcloud.com,2026-09-30,abuse.ch URLhaus (malware_download)
*.fa.windows32.men,2026-09-30,abuse.ch URLhaus (malware_download)
*.fa-1464303226.cos.ap-guangzhou.myqcloud.com,2026-09-30,abuse.ch URLhaus (malware_download)
*.hotelhungry.com,2026-09-30,abuse.ch URLhaus (malware_download)
*.grupocaprem.com,2026-09-30,abuse.ch URLhaus (malware_download)
*.fussionmd.com,2026-09-30,abuse.ch URLhaus (malware_download)
*.pub-a06eb79f0ebe4a6999bcc71a2227d8e3.r2.dev,2026-09-30,abuse.ch URLhaus (malware_download)
*.bumcoinc.site,2026-09-30,abuse.ch URLhaus (malware_download)
*.b.9-9-11.com,2026-09-30,abuse.ch URLhaus (malware_download)
*.xaerosminimap.com,2026-09-30,abuse.ch URLhaus (malware_download)
*.meteorrejects.net,2026-09-30,abuse.ch URLhaus (malware_download)
*.6ab746fb57212ca6e1e7b121.imgix.net,2026-09-30,abuse.ch URLhaus (malware_download)
*.tradingengineers.in,2026-09-30,abuse.ch URLhaus (malware_download)
*.bins.oceanic-node.su,2026-09-30,abuse.ch URLhaus (malware_download)
*.rough-glade-bfc8.pentagon-e8b.workers.dev,2026-09-30,abuse.ch URLhaus (malware_download)
*.noxxclient.org,2026-09-30,abuse.ch URLhaus (malware_download)
*.argon-client.com,2026-09-30,abuse.ch URLhaus (malware_download)
*.ahsniper.org,2026-09-30,abuse.ch URLhaus (malware_download)
*.larpaddon.net,2026-09-30,abuse.ch URLhaus (malware_download)
*.donutsmpcheats.org,2026-09-30,abuse.ch URLhaus (malware_download)
*.www.cakkaao.com,2026-09-29,abuse.ch URLhaus (malware_download)
*.telpak.icu,2026-09-29,abuse.ch URLhaus (malware_download)
*.reinigung-kosanke.de,2026-09-29,abuse.ch URLhaus (malware_download)
*.blaxllantas.com,2026-09-29,abuse.ch URLhaus (malware_download)
*.idid.pl,2026-09-29,abuse.ch URLhaus (malware_download)
*.gammanort.thekielement.com,2026-09-29,abuse.ch URLhaus (malware_download)
*.pevrix.com,2026-09-29,abuse.ch URLhaus (malware_download)
*.otkrytkadnya.ru,2026-09-29,abuse.ch URLhaus (malware_download)
*.uasputnik.com,2026-09-29,abuse.ch URLhaus (malware_download)
*.kazdiyden.ru,2026-09-29,abuse.ch URLhaus (malware_download)
*.evacompltd.site,2026-09-29,abuse.ch URLhaus (malware_download)
*.download.youlovemybiba.com,2026-09-29,abuse.ch URLhaus (malware_download)
*.delphiaonline.top,2026-09-29,abuse.ch URLhaus (malware_download)
*.webpagehelp.online,2026-09-29,abuse.ch URLhaus (malware_download)
*.6tu2zzl7q5wtdm6icmutlb6ifr7zz3z2svxvieaz7u4pqxrbblc7ltid.onion,2026-09-29,abuse.ch URLhaus (malware_download)
*.simplecheck.online,2026-09-29,abuse.ch URLhaus (malware_download)
*.dstats.qzz.io,2026-09-28,abuse.ch URLhaus (malware_download)
*.crystalbranchtw.blog,2026-09-28,abuse.ch URLhaus (malware_download)
*.astraluxclient.com,2026-09-28,abuse.ch URLhaus (malware_download)
*.xenonclient.com,2026-09-28,abuse.ch URLhaus (malware_download)
*.moniquejhingon.com,2026-09-28,abuse.ch URLhaus (malware_download)
*.build.polysupport.team,2026-09-28,abuse.ch URLhaus (malware_download)
*.cdn.jsdelivr.net,2026-09-28,abuse.ch URLhaus (malware_download)
*.trust-soft.cc,2026-09-28,abuse.ch URLhaus (malware_download)
*.rabbids.cc,2026-09-28,abuse.ch URLhaus (malware_download)
*.www.oj44472.com,2026-09-27,abuse.ch URLhaus (malware_download)
*.odinclient.st,2026-09-27,abuse.ch URLhaus (malware_download)
*.download1351.mediafire.com,2026-09-27,abuse.ch URLhaus (malware_download)
*.kabarberita.eu.cc,2026-09-27,abuse.ch URLhaus (malware_download)
*.swatting.wiki,2026-09-27,abuse.ch URLhaus (malware_download)
*.bucket-cf-weur-a.uploadnow.io,2026-09-27,abuse.ch URLhaus (malware_download)
*.kimdoo-app.top,2026-09-27,abuse.ch URLhaus (malware_download)
*.4flng-filedrive.sbs,2026-09-27,abuse.ch URLhaus (malware_download)
*.happyduxkinglinog.duckdns.org,2026-09-26,abuse.ch URLhaus (malware_download)
*.power.belyxhost.in,2026-09-26,abuse.ch URLhaus (malware_download)
*.metrics.agoxpathbet.one,2026-09-26,abuse.ch URLhaus (malware_download)
*.kiss.a-dog.top,2026-09-26,abuse.ch URLhaus (malware_download)
*.a.hbweb.icu,2026-09-26,abuse.ch URLhaus (malware_download)
*.maple30.com,2026-09-26,abuse.ch URLhaus (malware_download)
*.31.shaderzone.org,2026-09-26,abuse.ch URLhaus (malware_download)
*.quillchant14.com,2026-09-26,abuse.ch URLhaus (malware_download)
*.capricecapitalpartners.com,2026-09-26,abuse.ch URLhaus (malware_download)
*.tryclix.com,2026-09-26,abuse.ch URLhaus (malware_download)
*.secure.eicar.org,2026-09-25,abuse.ch URLhaus (malware_download)
*.corzclient.net,2026-09-25,abuse.ch URLhaus (malware_download)
*.fastingegoogru.vercel.app,2026-09-25,abuse.ch URLhaus (malware_download)
*.proishestviyagoodru.vercel.app,2026-09-25,abuse.ch URLhaus (malware_download)
*.sail.autolabsouthgate.com,2026-09-25,abuse.ch URLhaus (malware_download)
*.nebula-client.org,2026-09-25,abuse.ch URLhaus (malware_download)
*.larpdebug.com,2026-09-25,abuse.ch URLhaus (malware_download)
*.nordertextil.de,2026-09-25,abuse.ch URLhaus (malware_download)
*.pub-309aaffb1a3643d58aaa9c444941fef3.r2.dev,2026-09-24,abuse.ch URLhaus (malware_download)
*.darkroute.mypi.co,2026-09-24,abuse.ch URLhaus (malware_download)
*.pub-0216fa08b2b94e129cb9e002cf7cb1f4.r2.dev,2026-09-24,abuse.ch URLhaus (malware_download)
*.res.cloudinary.com,2026-09-24,abuse.ch URLhaus (malware_download)
*.urbanpro.mycpanel.rs,2026-09-24,abuse.ch URLhaus (malware_download)
*.cablewireltd.site,2026-09-24,abuse.ch URLhaus (malware_download)
*.elrneba.com,2026-09-24,abuse.ch URLhaus (malware_download)
*.royalcuts.co.uk,2026-09-24,abuse.ch URLhaus (malware_download)
*.armoniamiddleeast.ae,2026-09-24,abuse.ch URLhaus (malware_download)
*.10.185.202.64.host.secureserver.net,2026-09-24,abuse.ch URLhaus (malware_download)
*.noamaddons.com,2026-09-24,abuse.ch URLhaus (malware_download)
*.198macros.org,2026-09-24,abuse.ch URLhaus (malware_download)
*.wielixclient.com,2026-09-24,abuse.ch URLhaus (malware_download)
*.familyaddons.com,2026-09-24,abuse.ch URLhaus (malware_download)
*.billowing-lab-d15f.pentagon-e8b.workers.dev,2026-09-24,abuse.ch URLhaus (malware_download)
*.sigmaclient.org,2026-09-24,abuse.ch URLhaus (malware_download)
*.jointaxel.online,2026-09-24,abuse.ch URLhaus (malware_download)
*.odinmod.org,2026-09-24,abuse.ch URLhaus (malware_download)
*.skyblock-addons.com,2026-09-24,abuse.ch URLhaus (malware_download)
*.funnymap.net,2026-09-24,abuse.ch URLhaus (malware_download)
*.cheetoclient.com,2026-09-24,abuse.ch URLhaus (malware_download)
*.odinclient.com,2026-09-24,abuse.ch URLhaus (malware_download)
*.breezeclient.org,2026-09-24,abuse.ch URLhaus (malware_download)
*.funnymap.org,2026-09-24,abuse.ch URLhaus (malware_download)
*.familyaddons.org,2026-09-24,abuse.ch URLhaus (malware_download)
*.sigmaclient.net,2026-09-24,abuse.ch URLhaus (malware_download)
*.luminexclient.net,2026-09-24,abuse.ch URLhaus (malware_download)
*.wielixclient.net,2026-09-24,abuse.ch URLhaus (malware_download)
*.floppaclient.org,2026-09-24,abuse.ch URLhaus (malware_download)
*.floppaclient.com,2026-09-24,abuse.ch URLhaus (malware_download)
*.skyblock-extras.org,2026-09-24,abuse.ch URLhaus (malware_download)
*.fastsrunners.com,2026-09-24,abuse.ch URLhaus (malware_download)
*.go.lumibricks.com,2026-09-24,abuse.ch URLhaus (malware_download)
*.gmxx.online,2026-09-24,abuse.ch URLhaus (malware_download)
*.romeopirlanta.com,2026-09-24,abuse.ch URLhaus (malware_download)
*.activegrp.co.za,2026-09-24,abuse.ch URLhaus (malware_download)
*.pub-f9f2f77b53d14531ba49bd6d0bd18740.r2.dev,2026-09-24,abuse.ch URLhaus (malware_download)
*.hponline.run.place,2026-09-24,abuse.ch URLhaus (malware_download)
*.fullinstall.sbs,2026-09-24,abuse.ch URLhaus (malware_download)
*.profileone.jo3.org,2026-09-24,abuse.ch URLhaus (malware_download)
*.seguranca.versionnova.site,2026-09-24,abuse.ch URLhaus (malware_download)
*.gfgxcx.com,2026-09-24,abuse.ch URLhaus (malware_download)
*.pub-43fc211373d547278dd3d5bd0b4d9dac.r2.dev,2026-09-24,abuse.ch URLhaus (malware_download)
*.ns.devmicro7.workers.dev,2026-09-24,abuse.ch URLhaus (malware_download)
*.kn.devmicro7.workers.dev,2026-09-24,abuse.ch URLhaus (malware_download)
*.letsupconfig.sbs,2026-09-23,abuse.ch URLhaus (malware_download)
*.cyberleak.top,2026-09-23,abuse.ch URLhaus (malware_download)
*.kupunasvolpiano.com,2026-09-23,abuse.ch URLhaus (malware_download)
*.journeylake11.com,2026-09-23,abuse.ch URLhaus (malware_download)
*.korexnode.duckdns.org,2026-09-23,abuse.ch URLhaus (malware_download)
*.t3u5y0liyio.map.azionedge.net,2026-09-23,abuse.ch URLhaus (malware_download)
*.funrat.co,2026-09-23,abuse.ch URLhaus (malware_download)
*.korexnode.xyz,2026-09-23,abuse.ch URLhaus (malware_download)
*.ertdyfiabwggujakd.duckdns.org,2026-09-23,abuse.ch URLhaus (malware_download)
*.bratarfood.com,2026-09-23,abuse.ch URLhaus (malware_download)
*.pub-b98155d31c7b46ecbdf79eab5e37bae3.r2.dev,2026-09-23,abuse.ch URLhaus (malware_download)
*.brasilengenhariaecom.store,2026-09-23,abuse.ch URLhaus (malware_download)
*.makemewin.club,2026-09-23,abuse.ch URLhaus (malware_download)
*.docs.thelobbyx.info,2026-09-23,abuse.ch URLhaus (malware_download)
*.freeclients.net,2026-09-23,abuse.ch URLhaus (malware_download)
*.webhook.site,2026-09-23,abuse.ch URLhaus (malware_download)
*.delta-canvas.com,2026-09-23,abuse.ch URLhaus (malware_download)
*.spitandmalachite.com,2026-09-23,abuse.ch URLhaus (malware_download)
*.amc-us.mprevive.com,2026-09-22,abuse.ch URLhaus (malware_download)
*.astraia.co.za,2026-09-22,abuse.ch URLhaus (malware_download)
*.helpdesk09-26.com,2026-09-22,abuse.ch URLhaus (malware_download)
*.masterplasticpack.com,2026-09-22,abuse.ch URLhaus (malware_download)
*.trabzonmegareklamllc.shop,2026-09-22,abuse.ch URLhaus (malware_download)
*.surun.info,2026-09-22,abuse.ch URLhaus (malware_download)
*.mhmehadi.top,2026-09-22,abuse.ch URLhaus (malware_download)
*.hhtdyj.com,2026-09-22,abuse.ch URLhaus (malware_download)
*.adcentral.com.mx,2026-09-22,abuse.ch URLhaus (malware_download)
*.obearo.com,2026-09-22,abuse.ch URLhaus (malware_download)
*.hf-offshores.cc,2026-09-22,abuse.ch URLhaus (malware_download)
*.scanbot.me,2026-09-22,abuse.ch URLhaus (malware_download)
*.ck-bt.s3.us-east-2.amazonaws.com,2026-09-22,abuse.ch URLhaus (malware_download)
*.dev7.devmicro7.workers.dev,2026-09-22,abuse.ch URLhaus (malware_download)
*.zaluposs.com,2026-09-22,abuse.ch URLhaus (malware_download)
*.photolivebook.pro,2026-09-22,abuse.ch URLhaus (malware_download)
*.basequill9.com,2026-09-22,abuse.ch URLhaus (malware_download)
*.croco.cx,2026-09-22,abuse.ch URLhaus (malware_download)
*.yoauction.com,2026-09-22,abuse.ch URLhaus (malware_download)
*.zanderrealestate.com,2026-09-22,abuse.ch URLhaus (malware_download)
*.y32me8.com,2026-09-21,abuse.ch URLhaus (malware_download)
*.0.232.205.92.host.secureserver.net,2026-09-21,abuse.ch URLhaus (malware_download)
*.workerstats.net,2026-09-21,abuse.ch URLhaus (malware_download)
*.download-files.wixmp.com,2026-09-21,abuse.ch URLhaus (malware_download)
*.activatef.win,2026-09-21,abuse.ch URLhaus (malware_download)
*.entry-code-cdn.codes,2026-09-21,abuse.ch URLhaus (malware_download)
*.dao1an8ingei2dinnnpgqa7k564nf3q81.oast.live,2026-09-21,abuse.ch URLhaus (malware_download)
*.03teste.com,2026-09-21,abuse.ch URLhaus (malware_download)
*.pastee.dev,2026-09-21,abuse.ch URLhaus (malware_download)
*.proalamir.dz,2026-09-21,abuse.ch URLhaus (malware_download)
*.massgravel.net,2026-09-21,abuse.ch URLhaus (malware_download)
*.kineticlenz.com,2026-09-21,abuse.ch URLhaus (malware_download)
*.hll912-1484535448.cos.ap-hongkong.myqcloud.com,2026-09-21,abuse.ch URLhaus (malware_download)
*.skymoders.top,2026-09-20,abuse.ch URLhaus (malware_download)
*.opsecmod.st,2026-09-20,abuse.ch URLhaus (malware_download)
*.zhostz.com,2026-09-20,abuse.ch URLhaus (malware_download)
*.prestigeclient.st,2026-09-20,abuse.ch URLhaus (malware_download)
*.cn.devglobal.biz,2026-09-20,abuse.ch URLhaus (malware_download)
*.taunahi.client.farm,2026-09-20,abuse.ch URLhaus (malware_download)
*.forgewillow.com,2026-09-20,abuse.ch URLhaus (malware_download)
*.genovaw.com,2026-09-20,abuse.ch URLhaus (malware_download)
*.www.minecraft-cheats.com,2026-09-19,abuse.ch URLhaus (malware_download)
*.sandboxle.com.cn,2026-09-19,abuse.ch URLhaus (malware_download)
*.fileupdates.blob.core.windows.net,2026-09-19,abuse.ch URLhaus (malware_download)
*.taunahi.st,2026-09-19,abuse.ch URLhaus (malware_download)
*.kbskitchen1.screenconnect.com,2026-09-19,abuse.ch URLhaus (malware_download)
*.becof.org,2026-09-19,abuse.ch URLhaus (malware_download)
*.blueprint-71.com,2026-09-19,abuse.ch URLhaus (malware_download)
*.implantdentistrytx.com,2026-09-18,abuse.ch URLhaus (malware_download)
*.kryptonclient-donutsmp.com,2026-09-18,abuse.ch URLhaus (malware_download)
*.radium-client.org,2026-09-18,abuse.ch URLhaus (malware_download)
*.update.googlecert.help,2026-09-18,abuse.ch URLhaus (malware_download)
*.c1.dstatbots.win,2026-09-18,abuse.ch URLhaus (malware_download)
*.rmm.smartscreen.lifestyle,2026-09-18,abuse.ch URLhaus (malware_download)
*.api-relay.cc,2026-09-18,abuse.ch URLhaus (malware_download)
*.files.catbox.moe,2026-09-18,abuse.ch URLhaus (malware_download)
*.pub-e95a23a0e3944ef49a26647f1ec168e0.r2.dev,2026-09-17,abuse.ch URLhaus (malware_download)
*.signageinsignia.co.za,2026-09-17,abuse.ch URLhaus (malware_download)
*.kong07.s3.us-east-1.amazonaws.com,2026-09-17,abuse.ch URLhaus (malware_download)
*.roptik.com,2026-09-17,abuse.ch URLhaus (malware_download)
*.bun-pullz.b-cdn.net,2026-09-17,abuse.ch URLhaus (malware_download)
*.pub-45a83f302a1943ed8d62418c2af947ef.r2.dev,2026-09-17,abuse.ch URLhaus (malware_download)
*.epibenie.dz,2026-09-17,abuse.ch URLhaus (malware_download)
*.imap.usslimsounds.com,2026-09-17,abuse.ch URLhaus (malware_download)
*.dcfpp.com,2026-09-17,abuse.ch URLhaus (malware_download)
*.velvetcanyonline.xyz,2026-09-17,abuse.ch URLhaus (malware_download)
*.star.zcnet.net,2026-09-17,abuse.ch URLhaus (malware_download)
*.gonzaskid-1.paiza-user-free.cloud,2026-09-17,abuse.ch URLhaus (malware_download)
*.docs.google.com,2026-09-17,abuse.ch URLhaus (malware_download)
*.hpfile.cyou,2026-09-17,abuse.ch URLhaus (malware_download)
*.foundrysourcings.co.uk,2026-09-17,abuse.ch URLhaus (malware_download)
*.dfdghfhddhdhfhdfhdfyhdfdfh.pages.dev,2026-09-17,abuse.ch URLhaus (malware_download)
*.www.kryptonclient.lol,2026-09-17,abuse.ch URLhaus (malware_download)
*.kryptonclient.vip,2026-09-17,abuse.ch URLhaus (malware_download)
*.userhotels.org,2026-09-16,abuse.ch URLhaus (malware_download)
*.amaamn.com,2026-09-16,abuse.ch URLhaus (malware_download)
*.gpsmarocpro.com,2026-09-16,abuse.ch URLhaus (malware_download)
*.cloud-sharing.com,2026-09-16,abuse.ch URLhaus (malware_download)
*.windowsdiagnostics.st,2026-09-16,abuse.ch URLhaus (malware_download)
*.www.bluehorizons.travel,2026-09-16,abuse.ch URLhaus (malware_download)
*.polarclient.net,2026-09-16,abuse.ch URLhaus (malware_download)
*.phantom-client.com,2026-09-16,abuse.ch URLhaus (malware_download)
*.polinexclient.org,2026-09-16,abuse.ch URLhaus (malware_download)
*.prestige-client.org,2026-09-16,abuse.ch URLhaus (malware_download)
*.gamblerigmod.org,2026-09-16,abuse.ch URLhaus (malware_download)
*.22qq-client.com,2026-09-16,abuse.ch URLhaus (malware_download)
*.nova-client.com,2026-09-16,abuse.ch URLhaus (malware_download)
*.uno-play.xyz,2026-09-16,abuse.ch URLhaus (malware_download)
*.meteorclients.com,2026-09-16,abuse.ch URLhaus (malware_download)
*.modhider.com,2026-09-16,abuse.ch URLhaus (malware_download)
*.kryptonclient-cracked.com,2026-09-16,abuse.ch URLhaus (malware_download)
*.invmove.com,2026-09-16,abuse.ch URLhaus (malware_download)
*.breezeclient.com,2026-09-16,abuse.ch URLhaus (malware_download)
*.marlowclient.com,2026-09-16,abuse.ch URLhaus (malware_download)
*.198-macros.com,2026-09-16,abuse.ch URLhaus (malware_download)
*.donutclients.net,2026-09-16,abuse.ch URLhaus (malware_download)
*.kryptonclientcrack.lovable.app,2026-09-16,abuse.ch URLhaus (malware_download)
*.dulkir-mod.com,2026-09-16,abuse.ch URLhaus (malware_download)
*.ahsniper.com,2026-09-16,abuse.ch URLhaus (malware_download)
*.debugify.net,2026-09-16,abuse.ch URLhaus (malware_download)
*.ghostclient.net,2026-09-16,abuse.ch URLhaus (malware_download)
*.cold5.gofile.io,2026-09-16,abuse.ch URLhaus (malware_download)
*.luminexclient.com,2026-09-16,abuse.ch URLhaus (malware_download)
*.purple-fire-dc7e.pentagon-e8b.workers.dev,2026-09-16,abuse.ch URLhaus (malware_download)
*.get.cativated.win,2026-09-15,abuse.ch URLhaus (malware_download)
*.get.acttivated.win,2026-09-15,abuse.ch URLhaus (malware_download)
*.get.activatedd.win,2026-09-15,abuse.ch URLhaus (malware_download)
*.get.activtaed.win,2026-09-15,abuse.ch URLhaus (malware_download)
*.get.ctivated.win,2026-09-15,abuse.ch URLhaus (malware_download)
*.get.sctivated.win,2026-09-15,abuse.ch URLhaus (malware_download)
*.get.activates.win,2026-09-15,abuse.ch URLhaus (malware_download)
*.get.actiated.win,2026-09-15,abuse.ch URLhaus (malware_download)
*.get.acrivated.win,2026-09-15,abuse.ch URLhaus (malware_download)
*.get.acitvated.win,2026-09-15,abuse.ch URLhaus (malware_download)
*.uno-play.online,2026-09-15,abuse.ch URLhaus (malware_download)
*.www.2bxvrc1.com,2026-09-15,abuse.ch URLhaus (malware_download)
*.copiose.org,2026-09-15,abuse.ch URLhaus (malware_download)
*.docmntageant.com,2026-09-15,abuse.ch URLhaus (malware_download)
*.dnswwt.club,2026-09-15,abuse.ch URLhaus (malware_download)
*.get.actiavted.win,2026-09-15,abuse.ch URLhaus (malware_download)
*.contididit.conti.pk,2026-09-15,abuse.ch URLhaus (malware_download)
*.get.atcivated.win,2026-09-15,abuse.ch URLhaus (malware_download)
*.get.activatde.win,2026-09-15,abuse.ch URLhaus (malware_download)
*.get.activeted.win,2026-09-15,abuse.ch URLhaus (malware_download)
*.zenithclient.com,2026-09-15,abuse.ch URLhaus (malware_download)
*.wizzyaddon.com,2026-09-15,abuse.ch URLhaus (malware_download)
*.meteorclientplus.com,2026-09-15,abuse.ch URLhaus (malware_download)
*.speddebug.com,2026-09-15,abuse.ch URLhaus (malware_download)
*.x9v2mq4t.bossbey.store,2026-09-15,abuse.ch URLhaus (malware_download)
*.q7k2m9xb.us-theeloncode.com,2026-09-15,abuse.ch URLhaus (malware_download)
*.iyn4ce9o.casero.store,2026-09-15,abuse.ch URLhaus (malware_download)
*.k3p8wz1n.bvcbx.store,2026-09-15,abuse.ch URLhaus (malware_download)
*.get.ativated.win,2026-09-15,abuse.ch URLhaus (malware_download)
*.get.activted.win,2026-09-15,abuse.ch URLhaus (malware_download)
*.get.activaed.win,2026-09-15,abuse.ch URLhaus (malware_download)
*.massgravel.dev,2026-09-15,abuse.ch URLhaus (malware_download)
*.get.acivated.win,2026-09-15,abuse.ch URLhaus (malware_download)
*.get.actvated.win,2026-09-15,abuse.ch URLhaus (malware_download)
*.debloatex.com,2026-09-15,abuse.ch URLhaus (malware_download)
*.get.actrivated.win,2026-09-15,abuse.ch URLhaus (malware_download)
*.onlocity.com,2026-09-15,abuse.ch URLhaus (malware_download)
*.hashedsolver.icu,2026-09-14,abuse.ch URLhaus (malware_download)
*.images.fishing-tools.cyou,2026-09-14,abuse.ch URLhaus (malware_download)
*.tripfarely.com,2026-09-14,abuse.ch URLhaus (malware_download)
*.botcheck-cf.top,2026-09-14,abuse.ch URLhaus (malware_download)
*.minpop.com,2026-09-14,abuse.ch URLhaus (malware_download)
*.lai-1451610695.cos.ap-guangzhou.myqcloud.com,2026-09-14,abuse.ch URLhaus (malware_download)
*.www.kammwv.cc,2026-09-14,abuse.ch URLhaus (malware_download)
*.thankful-cliff-01dfec010.7.azurestaticapps.net,2026-09-14,abuse.ch URLhaus (malware_download)
*.wir.consultingics.com,2026-09-14,abuse.ch URLhaus (malware_download)
*.angefundsu.sbs,2026-09-14,abuse.ch URLhaus (malware_download)
*.talkandtypeapp.com,2026-09-14,abuse.ch URLhaus (malware_download)
*.pub-5590b15da27f4f219811312b19a8df05.r2.dev,2026-09-14,abuse.ch URLhaus (malware_download)
*.pub-d21b4190a47f45628c828456f23dd66e.r2.dev,2026-09-14,abuse.ch URLhaus (malware_download)
*.teamapp.pages.dev,2026-09-14,abuse.ch URLhaus (malware_download)
*.pub-4cf232026b854c1e8bb06b595c8f7587.r2.dev,2026-09-14,abuse.ch URLhaus (malware_download)
*.mhqn.pages.dev,2026-09-14,abuse.ch URLhaus (malware_download)
*.portal.onepansol.site,2026-09-14,abuse.ch URLhaus (malware_download)
*.pub-3e3889b5442b4ed4ab5f97beec5959ea.r2.dev,2026-09-14,abuse.ch URLhaus (malware_download)
*.tweakz-dream-launcher.lovable.app,2026-09-14,abuse.ch URLhaus (malware_download)
*.quest-hz-preds-mod.pages.dev,2026-09-14,abuse.ch URLhaus (malware_download)
*.pic.li,2026-09-14,abuse.ch URLhaus (malware_download)
*.bunnyview.b-cdn.net,2026-09-14,abuse.ch URLhaus (malware_download)
*.themaintechnician.us,2026-09-14,abuse.ch URLhaus (malware_download)
*.digitalisonesapps.com,2026-09-14,abuse.ch URLhaus (malware_download)
*.jokely.icu,2026-09-14,abuse.ch URLhaus (malware_download)
*.weroll-byte-welcome-bob-the-builder.pages.dev,2026-09-14,abuse.ch URLhaus (malware_download)
*.robertsonelectrlcal.screenconnect.com,2026-09-14,abuse.ch URLhaus (malware_download)
*.statementreaderdownload.com,2026-09-14,abuse.ch URLhaus (malware_download)
*.acrobat.proposal.name.ng,2026-09-14,abuse.ch URLhaus (malware_download)
*.srv.conti.pk,2026-09-14,abuse.ch URLhaus (malware_download)
*.get.activatd.win,2026-09-14,abuse.ch URLhaus (malware_download)
*.trouserstreak.net,2026-09-14,abuse.ch URLhaus (malware_download)
*.up.devmicro7.workers.dev,2026-09-14,abuse.ch URLhaus (malware_download)
*.server.miranarts-top.cc,2026-09-13,abuse.ch URLhaus (malware_download)
